{
   "feature_selection_scores":{
      "Mutual Information":{
         "Age_20s":0.020853806060817437,
         "Age_50s":0.005717819000559121,
         "Age_60s":0.0738401627275933,
         "Gender_F":0.02246778610005884,
         "Gender_M":0.01709733275746861,
         "Smoking_No":0.036957029380295436,
         "Smoking_Yes":0.03722563058470851,
         "Hx Radiothreapy_No":0.025493402341356663,
         "Hx Radiothreapy_Yes":0.04426808715498742,
         "Thyroid Function_Clinical Hyperthyroidism":0.01871934576502876,
         "Thyroid Function_Euthyroid":0.015319561763767364,
         "Thyroid Function_Subclinical Hyperthyroidism":0.06646901125051796,
         "Physical Examination_Multinodular goiter":0.006581675569880874,
         "Physical Examination_Normal":0.01532926544171076,
         "Physical Examination_Single nodular goiter-right":0.0060707229239924665,
         "Adenopathy_Bilateral":0.09315464023505604,
         "Adenopathy_Extensive":0.013824173961405117,
         "Adenopathy_No":0.20257687912518785,
         "Pathology_Micropapillary":0.0009497509875406873,
         "Pathology_Papillary":0.0037644436961581373,
         "Focality_Multi-Focal":0.051815590389874044,
         "Focality_Uni-Focal":0.048164647728147436,
         "Risk_High":0.1315034794481409,
         "Risk_Intermediate":0.06442158909848006,
         "Risk_Low":0.22717856751146903,
         "T_T1b":0.026726464195085287,
         "T_T2":0.06113552137973732,
         "T_T3a":0.03485848743185893,
         "T_T3b":0.10425829969415101,
         "T_T4a":0.045304569302302644,
         "T_T4b":0.04412489868862335,
         "N_N0":0.17048630030245326,
         "N_N1a":0.02425211007343031,
         "N_N1b":0.18020109135586515,
         "M_M0":0.03407697336589899,
         "M_M1":0.05240165631207572,
         "Stage_I":0.1250388630187571,
         "Stage_II":0.05901720155814161,
         "Stage_III":0.03406639494697261,
         "Stage_IVA":0.03591119980512847,
         "Stage_IVB":0.0035260409090958067,
         "Response_Biochemical Incomplete":0.0036181323332724613,
         "Response_Excellent":0.23651580057981914,
         "Response_Structural Incomplete":0.376337191191062
      },
      "Recursive Feature Elimination":{
         "Age_10s":46,
         "Age_20s":23,
         "Age_30s":9,
         "Age_40s":14,
         "Age_50s":45,
         "Age_60s":8,
         "Age_70s":48,
         "Age_80s":59,
         "Gender_F":17,
         "Gender_M":10,
         "Smoking_No":38,
         "Smoking_Yes":36,
         "Hx Smoking_No":61,
         "Hx Smoking_Yes":58,
         "Hx Radiothreapy_No":54,
         "Hx Radiothreapy_Yes":53,
         "Thyroid Function_Clinical Hyperthyroidism":49,
         "Thyroid Function_Clinical Hypothyroidism":52,
         "Thyroid Function_Euthyroid":16,
         "Thyroid Function_Subclinical Hyperthyroidism":51,
         "Thyroid Function_Subclinical Hypothyroidism":26,
         "Physical Examination_Diffuse goiter":56,
         "Physical Examination_Multinodular goiter":62,
         "Physical Examination_Normal":40,
         "Physical Examination_Single nodular goiter-left":37,
         "Physical Examination_Single nodular goiter-right":55,
         "Adenopathy_Bilateral":29,
         "Adenopathy_Extensive":41,
         "Adenopathy_Left":5,
         "Adenopathy_No":30,
         "Adenopathy_Posterior":60,
         "Adenopathy_Right":31,
         "Pathology_Follicular":20,
         "Pathology_Hurthel cell":13,
         "Pathology_Micropapillary":32,
         "Pathology_Papillary":35,
         "Focality_Multi-Focal":50,
         "Focality_Uni-Focal":44,
         "Risk_High":11,
         "Risk_Intermediate":34,
         "Risk_Low":2,
         "T_T1a":25,
         "T_T1b":18,
         "T_T2":15,
         "T_T3a":21,
         "T_T3b":12,
         "T_T4a":27,
         "T_T4b":47,
         "N_N0":7,
         "N_N1a":22,
         "N_N1b":24,
         "M_M0":42,
         "M_M1":39,
         "Stage_I":6,
         "Stage_II":28,
         "Stage_III":57,
         "Stage_IVA":33,
         "Stage_IVB":43,
         "Response_Biochemical Incomplete":19,
         "Response_Excellent":3,
         "Response_Indeterminate":4,
         "Response_Structural Incomplete":1
      },
      "Chi-Square":{
         "Age_10s":0.02220394736842106,
         "Age_20s":4.966863390092879,
         "Age_30s":0.0015664160401002642,
         "Age_40s":1.962019410227696,
         "Age_50s":0.0004498425551057098,
         "Age_60s":15.631973684210527,
         "Age_70s":1.582535885167464,
         "Age_80s":4.283168859649123,
         "Gender_F":5.659744425315625,
         "Gender_M":22.429357537361927,
         "Smoking_No":2.5909381823657855,
         "Smoking_Yes":17.248245614035092,
         "Hx Smoking_No":0.4027926960257785,
         "Hx Smoking_Yes":4.290617848970252,
         "Hx Radiothreapy_No":0.12477903408711861,
         "Hx Radiothreapy_Yes":6.563377192982457,
         "Thyroid Function_Clinical Hyperthyroidism":1.9805372807017543,
         "Thyroid Function_Clinical Hypothyroidism":0.4036915204678363,
         "Thyroid Function_Euthyroid":0.259911141490088,
         "Thyroid Function_Subclinical Hyperthyroidism":1.5833333333333335,
         "Thyroid Function_Subclinical Hypothyroidism":0.3469896331738437,
         "Physical Examination_Diffuse goiter":1.5833333333333335,
         "Physical Examination_Multinodular goiter":2.8486616024597584,
         "Physical Examination_Normal":0.03654970760233918,
         "Physical Examination_Single nodular goiter-left":0.15961021505376352,
         "Physical Examination_Single nodular goiter-right":3.031056501547989,
         "Adenopathy_Bilateral":30.948165869218492,
         "Adenopathy_Extensive":15.157894736842104,
         "Adenopathy_Left":8.535197368421056,
         "Adenopathy_No":27.322794518680126,
         "Adenopathy_Posterior":5.05263157894737,
         "Adenopathy_Right":17.248245614035092,
         "Pathology_Follicular":0.6939792663476874,
         "Pathology_Hurthel cell":0.14619883040935672,
         "Pathology_Micropapillary":11.083333333333336,
         "Pathology_Papillary":0.7445281894055511,
         "Focality_Multi-Focal":24.773361976369497,
         "Focality_Uni-Focal":14.281114551083594,
         "Risk_High":55.57894736842104,
         "Risk_Intermediate":40.14106725146199,
         "Risk_Low":47.19637452549503,
         "T_T1a":8.857229280096794,
         "T_T1b":2.4376624431448994,
         "T_T2":14.48575567358764,
         "T_T3a":3.2678527304175926,
         "T_T3b":23.673336988304094,
         "T_T4a":32.8421052631579,
         "T_T4b":17.68421052631579,
         "N_N0":29.792342342342344,
         "N_N1a":1.865748355263158,
         "N_N1b":70.59978070175438,
         "M_M0":0.9791921664626693,
         "M_M1":25.263157894736842,
         "Stage_I":8.310061252268605,
         "Stage_II":25.699013157894736,
         "Stage_III":7.578947368421052,
         "Stage_IVA":7.578947368421052,
         "Stage_IVB":15.157894736842104,
         "Response_Biochemical Incomplete":3.379732225300092,
         "Response_Excellent":54.24251492446394,
         "Response_Indeterminate":5.924214606283151,
         "Response_Structural Incomplete":149.6583368704018
      },
      "Lasso":{
         "Risk_Low":0.059654057933702535,
         "Response_Excellent":0.024327260740298347,
         "Response_Structural Incomplete":0.23403830147486773
      }
   },