{
   "feature_selection_scores":{
      "Mutual Information":{
         "Age_10s":0.01206420993779278,
         "Age_20s":0.018899725215330454,
         "Age_30s":0.0011247348344056718,
         "Age_50s":0.015721491414147026,
         "Age_60s":0.022406452317257353,
         "Age_70s":0.021659934928429214,
         "Age_80s":0.030136173557992585,
         "Gender_F":0.0759531365684718,
         "Gender_M":0.0442008419659472,
         "Smoking_No":0.03794724518637094,
         "Smoking_Yes":0.015106415726497957,
         "Hx Radiothreapy_Yes":0.020690722645437365,
         "Thyroid Function_Subclinical Hypothyroidism":0.024839273427532227,
         "Physical Examination_Normal":0.007574802225711386,
         "Adenopathy_Bilateral":0.056537270076903345,
         "Adenopathy_Extensive":0.004018951393712555,
         "Adenopathy_Left":0.0289513753188837,
         "Adenopathy_No":0.1837851008486615,
         "Adenopathy_Right":0.045834220972527095,
         "Pathology_Follicular":0.022284824969732497,
         "Pathology_Hurthel cell":0.015402733329436202,
         "Pathology_Micropapillary":0.0472433944458539,
         "Focality_Multi-Focal":0.06572446342995875,
         "Focality_Uni-Focal":0.011026722190648819,
         "Risk_High":0.120883532648973,
         "Risk_Intermediate":0.10558894012739461,
         "Risk_Low":0.2534524704787462,
         "T_T1a":0.007854264068760441,
         "T_T1b":0.01994510249121606,
         "T_T2":0.07105393477815047,
         "T_T3b":0.04216836884584141,
         "T_T4a":0.07044614499707191,
         "T_T4b":0.05250729785159858,
         "N_N0":0.15120259343844467,
         "N_N1b":0.14777989794571322,
         "M_M0":0.06987742070057501,
         "M_M1":0.05361690572163669,
         "Stage_I":0.09861944737771866,
         "Stage_II":0.060475164382267854,
         "Stage_IVB":0.017004611431278294,
         "Response_Excellent":0.2934903407282248,
         "Response_Indeterminate":0.06719881740939959,
         "Response_Structural Incomplete":0.3738186174828997
      },
      "Recursive Feature Elimination":{
         "Age_10s":46,
         "Age_20s":23,
         "Age_30s":9,
         "Age_40s":14,
         "Age_50s":45,
         "Age_60s":8,
         "Age_70s":48,
         "Age_80s":59,
         "Gender_F":17,
         "Gender_M":10,
         "Smoking_No":38,
         "Smoking_Yes":36,
         "Hx Smoking_No":61,
         "Hx Smoking_Yes":58,
         "Hx Radiothreapy_No":54,
         "Hx Radiothreapy_Yes":53,
         "Thyroid Function_Clinical Hyperthyroidism":49,
         "Thyroid Function_Clinical Hypothyroidism":52,
         "Thyroid Function_Euthyroid":16,
         "Thyroid Function_Subclinical Hyperthyroidism":51,
         "Thyroid Function_Subclinical Hypothyroidism":26,
         "Physical Examination_Diffuse goiter":56,
         "Physical Examination_Multinodular goiter":62,
         "Physical Examination_Normal":40,
         "Physical Examination_Single nodular goiter-left":37,
         "Physical Examination_Single nodular goiter-right":55,
         "Adenopathy_Bilateral":29,
         "Adenopathy_Extensive":41,
         "Adenopathy_Left":5,
         "Adenopathy_No":30,
         "Adenopathy_Posterior":60,
         "Adenopathy_Right":31,
         "Pathology_Follicular":20,
         "Pathology_Hurthel cell":13,
         "Pathology_Micropapillary":32,
         "Pathology_Papillary":35,
         "Focality_Multi-Focal":50,
         "Focality_Uni-Focal":44,
         "Risk_High":11,
         "Risk_Intermediate":34,
         "Risk_Low":2,
         "T_T1a":25,
         "T_T1b":18,
         "T_T2":15,
         "T_T3a":21,
         "T_T3b":12,
         "T_T4a":27,
         "T_T4b":47,
         "N_N0":7,
         "N_N1a":22,
         "N_N1b":24,
         "M_M0":42,
         "M_M1":39,
         "Stage_I":6,
         "Stage_II":28,
         "Stage_III":57,
         "Stage_IVA":33,
         "Stage_IVB":43,
         "Response_Biochemical Incomplete":19,
         "Response_Excellent":3,
         "Response_Indeterminate":4,
         "Response_Structural Incomplete":1
      },
      "Chi-Square":{
         "Age_10s":0.02220394736842106,
         "Age_20s":4.966863390092879,
         "Age_30s":0.0015664160401002642,
         "Age_40s":1.962019410227696,
         "Age_50s":0.0004498425551057098,
         "Age_60s":15.631973684210527,
         "Age_70s":1.582535885167464,
         "Age_80s":4.283168859649123,
         "Gender_F":5.659744425315625,
         "Gender_M":22.429357537361927,
         "Smoking_No":2.5909381823657855,
         "Smoking_Yes":17.248245614035092,
         "Hx Smoking_No":0.4027926960257785,
         "Hx Smoking_Yes":4.290617848970252,
         "Hx Radiothreapy_No":0.12477903408711861,
         "Hx Radiothreapy_Yes":6.563377192982457,
         "Thyroid Function_Clinical Hyperthyroidism":1.9805372807017543,
         "Thyroid Function_Clinical Hypothyroidism":0.4036915204678363,
         "Thyroid Function_Euthyroid":0.259911141490088,
         "Thyroid Function_Subclinical Hyperthyroidism":1.5833333333333335,
         "Thyroid Function_Subclinical Hypothyroidism":0.3469896331738437,
         "Physical Examination_Diffuse goiter":1.5833333333333335,
         "Physical Examination_Multinodular goiter":2.8486616024597584,
         "Physical Examination_Normal":0.03654970760233918,
         "Physical Examination_Single nodular goiter-left":0.15961021505376352,
         "Physical Examination_Single nodular goiter-right":3.031056501547989,
         "Adenopathy_Bilateral":30.948165869218492,
         "Adenopathy_Extensive":15.157894736842104,
         "Adenopathy_Left":8.535197368421056,
         "Adenopathy_No":27.322794518680126,
         "Adenopathy_Posterior":5.05263157894737,
         "Adenopathy_Right":17.248245614035092,
         "Pathology_Follicular":0.6939792663476874,
         "Pathology_Hurthel cell":0.14619883040935672,
         "Pathology_Micropapillary":11.083333333333336,
         "Pathology_Papillary":0.7445281894055511,
         "Focality_Multi-Focal":24.773361976369497,
         "Focality_Uni-Focal":14.281114551083594,
         "Risk_High":55.57894736842104,
         "Risk_Intermediate":40.14106725146199,
         "Risk_Low":47.19637452549503,
         "T_T1a":8.857229280096794,
         "T_T1b":2.4376624431448994,
         "T_T2":14.48575567358764,
         "T_T3a":3.2678527304175926,
         "T_T3b":23.673336988304094,
         "T_T4a":32.8421052631579,
         "T_T4b":17.68421052631579,
         "N_N0":29.792342342342344,
         "N_N1a":1.865748355263158,
         "N_N1b":70.59978070175438,
         "M_M0":0.9791921664626693,
         "M_M1":25.263157894736842,
         "Stage_I":8.310061252268605,
         "Stage_II":25.699013157894736,
         "Stage_III":7.578947368421052,
         "Stage_IVA":7.578947368421052,
         "Stage_IVB":15.157894736842104,
         "Response_Biochemical Incomplete":3.379732225300092,
         "Response_Excellent":54.24251492446394,
         "Response_Indeterminate":5.924214606283151,
         "Response_Structural Incomplete":149.6583368704018
      },
      "Lasso":{
         "Risk_Low":0.059654057933702535,
         "Response_Excellent":0.024327260740298347,
         "Response_Structural Incomplete":0.23403830147486773
      }
   },